thread_id,created_at_utc,updated_at_utc,model_provider,model,reasoning_effort,tokens_used,cwd,git_branch,first_user_message_excerpt,source
019f08e1-984c-7e91-b7c2-606418613fba,2026-06-27T11:40:30Z,2026-06-27T11:40:30Z,openai,unknown,unknown,0,/Users/river/project/active/JBproject,ui-density-improvements,,codex_state_sqlite
019f08e1-9df9-7d13-a800-656368ab3abe,2026-06-27T11:40:31Z,2026-06-27T11:40:57Z,openai,gpt-5.5,high,0,/Users/river/project/active/JBproject,ui-density-improvements,GoLab 본선(JB금융그룹 Fin:AI Challenge) 딥리서치 위임. 대외비(6/29 전 비공개). 직접 리서치만 — 제품 코드는 절대 수정하지 마라. 1) 파일 '08_본선/05_제출/리서치-딥프롬프트/D1,codex_state_sqlite
019f08e1-bb5a-74c1-b674-64e9f0fbecc0,2026-06-27T11:40:40Z,2026-06-27T11:41:00Z,openai,gpt-5.5,high,0,/Users/river/project/active/JBproject,ui-density-improvements,GoLab 본선(JB금융그룹 Fin:AI Challenge) 딥리서치 위임. 대외비(6/29 전 비공개). 직접 리서치만 — 제품 코드는 절대 수정하지 마라. 1) 파일 '08_본선/05_제출/리서치-딥프롬프트/D9,codex_state_sqlite
019f08e1-e9a5-7d01-b213-dc8af14f0963,2026-06-27T11:40:51Z,2026-06-27T11:41:07Z,openai,gpt-5.5,high,0,/Users/river/project/active/JBproject,ui-density-improvements,GoLab 본선(JB금융그룹 Fin:AI Challenge) 딥리서치 위임. 대외비(6/29 전 비공개). 직접 리서치만 — 제품 코드는 절대 수정하지 마라. 1) 파일 '08_본선/05_제출/리서치-딥프롬프트/D1,codex_state_sqlite
019f08e4-0ce6-7840-87d9-fe3494b28195,2026-06-27T11:43:11Z,2026-06-27T11:43:15Z,openai,gpt-5.3-codex,minimal,0,/Users/river/project/active/JBproject,ui-density-improvements,Reply with exactly: PROBE_OK,codex_state_sqlite
019f08e4-4651-7790-b6b3-6f07eab5822d,2026-06-27T11:43:25Z,2026-06-27T11:43:30Z,openai,gpt-5.3-codex-spark,minimal,0,/Users/river/project/active/JBproject,ui-density-improvements,Reply with exactly: PROBE_OK,codex_state_sqlite
019f08e4-5d37-7dd1-98ea-9ed6b9604e6a,2026-06-27T11:43:31Z,2026-06-27T11:43:36Z,openai,gpt-5-codex,minimal,0,/Users/river/project/active/JBproject,ui-density-improvements,Reply with exactly: PROBE_OK,codex_state_sqlite
019f08e4-7232-7ba2-a0d7-6a27dafc664c,2026-06-27T11:43:37Z,2026-06-27T11:43:41Z,openai,gpt-5.3,minimal,0,/Users/river/project/active/JBproject,ui-density-improvements,Reply with exactly: PROBE_OK,codex_state_sqlite
019f08e4-cb84-7a23-8ff8-ac3e6f1f748b,2026-06-27T11:43:59Z,2026-06-27T11:44:13Z,openai,gpt-5.3-codex-spark,minimal,0,/Users/river/project/active/JBproject,ui-density-improvements,Reply: PROBE_OK,codex_state_sqlite
019f08e5-e854-78e2-a53e-512d958ce516,2026-06-27T11:45:12Z,2026-06-27T11:48:10Z,openai,gpt-5.3-codex-spark,high,121600,/Users/river/project/active/JBproject,ui-density-improvements,GoLab 본선(JB금융그룹 Fin:AI Challenge) 딥리서치 위임. 대외비(6/29 전 비공개). 직접 리서치만 — 제품 코드는 절대 수정하지 마라. 웹 검색(web_search)을 적극 사용하라. 1) 파,codex_state_sqlite
019f08e5-dcce-7991-98ef-cd111cfb2008,2026-06-27T11:45:09Z,2026-06-27T11:48:24Z,openai,gpt-5.3-codex-spark,high,121600,/Users/river/project/active/JBproject,ui-density-improvements,GoLab 본선(JB금융그룹 Fin:AI Challenge) 딥리서치 위임. 대외비(6/29 전 비공개). 직접 리서치만 — 제품 코드는 절대 수정하지 마라. 웹 검색(web_search)을 적극 사용하라. 1) 파,codex_state_sqlite
019f08e5-a715-7dd1-8a07-7b4f8dfcf0fe,2026-06-27T11:44:56Z,2026-06-27T11:50:58Z,openai,gpt-5.3-codex-spark,high,121600,/Users/river/project/active/JBproject,ui-density-improvements,GoLab 본선(JB금융그룹 Fin:AI Challenge) 딥리서치 위임. 대외비(6/29 전 비공개). 직접 리서치만 — 제품 코드는 절대 수정하지 마라. 웹 검색(web_search)을 적극 사용하라. 1) 파,codex_state_sqlite
019f125b-ae57-7da3-9f51-60f2984b7a32,2026-06-29T07:50:26Z,2026-06-29T07:50:55Z,openai,gpt-5.3-codex-spark,high,279314,/Users/river/project/active/JBproject,ui-density-improvements,GoLab 본선(JB금융그룹 Fin:AI Challenge) 딥리서치 프롬프트 세트 점검. 대외비. 웹 검색 쓰지 마라(로컬 파일 점검만). 코드/프롬프트 파일 수정 금지 — 점검 의견만 새 파일에 작성. 대상: ',codex_state_sqlite
019f16b1-43e9-7523-afc5-058f05909330,2026-06-30T04:02:23Z,2026-06-30T04:02:29Z,openai,gpt-5.5,low,17027,/Users/river/project/active/JBproject,ui-density-improvements,Reply with exactly: PROBE_OK_55,codex_state_sqlite
019f16b2-0ebd-7ce3-838b-66a7f7715fab,2026-06-30T04:03:15Z,2026-06-30T04:08:29Z,openai,gpt-5.5,high,740177,/Users/river/project/active/JBproject,ui-density-improvements,GoLab 본선(JB금융그룹 Fin:AI Challenge) 리서치 갭 감사. 한국어. 제품: JB LocalGuard OS(RM용 거버넌드 AI Agent 콘솔 — PII 비반출×승인우선×멀티도메인). 목표: 1위,codex_state_sqlite
019f16b7-febb-7c70-87e8-e6584f1cd6e3,2026-06-30T04:09:44Z,2026-06-30T04:09:46Z,openai,unknown,unknown,0,/Users/river/project/active/JBproject,ui-density-improvements,,codex_state_sqlite
019f16b8-0548-7bb1-8454-1a34b9118c50,2026-06-30T04:09:46Z,2026-06-30T04:09:47Z,openai,unknown,unknown,0,/Users/river/project/active/JBproject,ui-density-improvements,,codex_state_sqlite
019f16b8-0c20-7883-ad5e-73a88d8def61,2026-06-30T04:09:48Z,2026-06-30T04:12:13Z,openai,gpt-5.5,high,227937,/Users/river/project/active/JBproject,ui-density-improvements,GoLab 본선(JB금융그룹 Fin:AI Challenge) 딥리서치 프롬프트 작성. 한국어. 제품: JB LocalGuard OS(RM용 거버넌드 AI 콘솔 — PII비반출×승인우선×멀티도메인). 웹검색 쓰지 마라,codex_state_sqlite
019f16b8-135f-74c1-924a-a610c44a4627,2026-06-30T04:09:51Z,2026-06-30T04:12:16Z,openai,gpt-5.5,high,207703,/Users/river/project/active/JBproject,ui-density-improvements,GoLab 본선(JB금융그룹 Fin:AI Challenge) 딥리서치 프롬프트 작성. 한국어. 제품: JB LocalGuard OS(RM용 거버넌드 AI 콘솔 — PII비반출×승인우선×멀티도메인). 웹검색 쓰지 마라,codex_state_sqlite
019f16b8-082d-7ac2-9d93-190bf9b440b0,2026-06-30T04:09:47Z,2026-06-30T04:12:20Z,openai,gpt-5.5,high,365072,/Users/river/project/active/JBproject,ui-density-improvements,GoLab 본선(JB금융그룹 Fin:AI Challenge) 딥리서치 프롬프트 작성. 한국어. 제품: JB LocalGuard OS(RM용 거버넌드 AI 콘솔 — PII비반출×승인우선×멀티도메인). 웹검색 쓰지 마라,codex_state_sqlite
019f16b8-0a27-7453-9330-94c93395e197,2026-06-30T04:09:47Z,2026-06-30T04:12:22Z,openai,gpt-5.5,high,244322,/Users/river/project/active/JBproject,ui-density-improvements,GoLab 본선(JB금융그룹 Fin:AI Challenge) 딥리서치 프롬프트 작성. 한국어. 제품: JB LocalGuard OS(RM용 거버넌드 AI 콘솔 — PII비반출×승인우선×멀티도메인). 웹검색 쓰지 마라,codex_state_sqlite
019f18a7-e691-7192-9b8f-3bc0a5371022,2026-06-30T13:11:24Z,2026-06-30T13:17:06Z,openai,gpt-5.5,high,486914,/Users/river/project/active/JBproject,ui-density-improvements,<task> Fix a structural bug in the AI telemetry pipeline for the JB금융그룹 Fin:AI Challenge project. Working directory: /Us,codex_state_sqlite
019f18be-10c1-77a0-aa3f-04a528ea0553,2026-06-30T13:35:37Z,2026-06-30T13:39:53Z,openai,gpt-5.5,high,553053,/Users/river/project/active/JBproject,ui-density-improvements,<task> Perform a read-only health audit of the Obsidian vault at 08_본선/ inside /Users/river/project/active/JBproject. Ap,codex_state_sqlite
019f18dd-55fa-7e21-8d41-eb13f2433c89,2026-06-30T14:09:46Z,2026-06-30T14:12:37Z,openai,gpt-5.5,high,307003,/Users/river/project/active/JBproject,ui-density-improvements,<task> Working directory: /Users/river/project/active/JBproject Implement PII auto-scan for the JB금융 본선 harness. Touch O,codex_state_sqlite
019f18dc-d533-7123-8161-ff4f46ed9d17,2026-06-30T14:09:13Z,2026-06-30T14:13:20Z,openai,gpt-5.5,high,512558,/Users/river/project/active/JBproject,ui-density-improvements,Working directory: /Users/river/project/active/JBproject <task> Implement two telemetry harness features in the JB금융 본선 ,codex_state_sqlite
019f1967-1d69-7452-bb21-8f664bf01e86,2026-06-30T16:40:16Z,2026-06-30T16:49:24Z,openai,gpt-5.5,high,1852465,/Users/river/project/active/JBproject,ui-density-improvements,<task> Perform a read-only precision audit of the Obsidian vault at /Users/river/project/active/JBproject. Target: all 0,codex_state_sqlite
019f196f-1d48-7fc1-8ad5-4150574343d6,2026-06-30T16:49:00Z,2026-06-30T16:50:09Z,openai,gpt-5.5,medium,266218,/Users/river/project/active/JBproject,ui-density-improvements,작업공간 /Users/river/project/active/JBproject 기준. 파일 수정 금지. 목표: 시연영상 제작용 스토리보드/샷리스트를 만들기 위해 기존 발표·시연 문서를 조사하라. 확인 경로: 00_제출,codex_state_sqlite
019f196e-ff6e-7dc2-8d9b-3537021cee55,2026-06-30T16:48:52Z,2026-06-30T16:50:19Z,openai,gpt-5.5,medium,379261,/Users/river/project/active/JBproject,ui-density-improvements,"작업공간 /Users/river/project/active/JBproject 기준. 파일 수정 금지. 목표: 현재 08_본선/_system/visualizations 와 viz-generator.mjs를 읽고, 사용",codex_state_sqlite
019f196e-e95b-7b80-9483-8bb8a4e72cef,2026-06-30T16:48:46Z,2026-06-30T16:50:20Z,openai,gpt-5.5,medium,364818,/Users/river/project/active/JBproject,ui-density-improvements,"작업공간 /Users/river/project/active/JBproject 기준. 파일을 수정하지 말고 읽기만 하라. 목표: 사용자가 요구한 Excalidraw 개선(요일, 프로젝트 기여 %, 단계별 완료율, 팀원",codex_state_sqlite
019f1974-ab6b-7ba2-9430-57de145d7fc7,2026-06-30T16:55:04Z,2026-06-30T17:03:32Z,openai,gpt-5.5,high,2861840,/Users/river/project/active/JBproject,ui-density-improvements,<task> Write and execute an idempotent Node.js script at `08_본선/_system/automation/backfill-frontmatter.mjs` that fixes ,codex_state_sqlite
019f19b9-3288-73e1-8040-8afd2acb17d2,2026-06-30T18:09:55Z,2026-06-30T18:10:03Z,openai,gpt-5.5,high,22054,/Users/river/project/active/JBproject/08_본선/05_제출/리서치-딥프롬프트/_결과,ui-density-improvements,당신은 긴 리서치 보고서를 팀 동료에게 빠르게 브리핑하는 한국어 작성자입니다. 지금 작업 폴더의 `D21-결과.md` 파일을 cat 또는 sed로 읽으세요(읽기 전용). 이 보고서를 팀원이 30초~1분에 훑을 수 있,codex_state_sqlite
019f19b9-3288-7ea0-8b82-3a7e035a380a,2026-06-30T18:09:55Z,2026-06-30T18:10:10Z,openai,gpt-5.5,high,55965,/Users/river/project/active/JBproject/08_본선/05_제출/리서치-딥프롬프트/_결과,ui-density-improvements,당신은 긴 리서치 보고서를 팀 동료에게 빠르게 브리핑하는 한국어 작성자입니다. 지금 작업 폴더의 `D20-결과.md` 파일을 cat 또는 sed로 읽으세요(읽기 전용). 이 보고서를 팀원이 30초~1분에 훑을 수 있,codex_state_sqlite
019f19b9-3288-78e2-a8c3-9d487795f234,2026-06-30T18:09:55Z,2026-06-30T18:10:15Z,openai,gpt-5.5,high,56390,/Users/river/project/active/JBproject/08_본선/05_제출/리서치-딥프롬프트/_결과,ui-density-improvements,당신은 긴 리서치 보고서를 팀 동료에게 빠르게 브리핑하는 한국어 작성자입니다. 지금 작업 폴더의 `D22-결과.md` 파일을 cat 또는 sed로 읽으세요(읽기 전용). 이 보고서를 팀원이 30초~1분에 훑을 수 있,codex_state_sqlite
019f19b9-ce79-79f3-abd2-0895421a2cdd,2026-06-30T18:10:35Z,2026-06-30T18:11:16Z,openai,gpt-5.5,high,58567,/Users/river/project/active/JBproject/08_본선/05_제출/리서치-딥프롬프트/_결과,ui-density-improvements,당신은 긴 리서치 보고서를 팀 동료에게 빠르게 브리핑하는 한국어 작성자입니다. 지금 작업 폴더의 `D21-결과.md` 파일을 cat 또는 sed로 읽으세요(읽기 전용). 이 보고서를 팀원이 30초~1분에 훑을 수 있,codex_state_sqlite
019f19b9-ce79-7a60-b264-087e824f2872,2026-06-30T18:10:35Z,2026-06-30T18:11:17Z,openai,gpt-5.5,high,98078,/Users/river/project/active/JBproject/08_본선/05_제출/리서치-딥프롬프트/_결과,ui-density-improvements,당신은 긴 리서치 보고서를 팀 동료에게 빠르게 브리핑하는 한국어 작성자입니다. 지금 작업 폴더의 `D20-결과.md` 파일을 cat 또는 sed로 읽으세요(읽기 전용). 이 보고서를 팀원이 30초~1분에 훑을 수 있,codex_state_sqlite
019f19b9-ce79-76f1-af1b-dd3e72e9d889,2026-06-30T18:10:35Z,2026-06-30T18:11:20Z,openai,gpt-5.5,high,98558,/Users/river/project/active/JBproject/08_본선/05_제출/리서치-딥프롬프트/_결과,ui-density-improvements,당신은 긴 리서치 보고서를 팀 동료에게 빠르게 브리핑하는 한국어 작성자입니다. 지금 작업 폴더의 `D22-결과.md` 파일을 cat 또는 sed로 읽으세요(읽기 전용). 이 보고서를 팀원이 30초~1분에 훑을 수 있,codex_state_sqlite
019f19c6-e05a-76c3-b598-26a17f5741f5,2026-06-30T18:24:51Z,2026-06-30T18:31:50Z,openai,gpt-5.5,high,1203478,/Users/river/project/active/JBproject,ui-density-improvements,<task> 오프라인 적대검증(adversarial cross-verification) 수행. 웹/네트워크 검색 절대 금지. 로컬 .md 파일만 읽는다. 입력 경로(읽기 전용): - 결과 디렉토리: /Users/ri,codex_state_sqlite
019f19d3-538d-7a63-a4d4-88560c081ae4,2026-06-30T18:38:27Z,2026-06-30T18:45:50Z,openai,gpt-5.5,high,2179201,/Users/river/project/active/JBproject,ui-density-improvements,<task> Read-only source-grounded teardown of the paperclip app at /Users/river/Downloads/archives/paperclip-master/. Do ,codex_state_sqlite
019f19e1-86df-7d41-b395-17ee9f851c5a,2026-06-30T18:53:58Z,2026-06-30T18:56:01Z,openai,gpt-5.5,high,676557,/Users/river/project/active/JBproject/08_본선/05_제출/리서치-딥프롬프트/_결과,ui-density-improvements,당신은 여러 독립 리서치 결과를 연결해 인사이트를 만드는 한국어 전략 분석가다. 현재 작업폴더에서 아래 파일들을 cat/sed로 읽어라(읽기전용): 제품 = JB LocalGuard OS(지역은행 거버넌드 AI 에이,codex_state_sqlite
019f19e2-bda6-7691-8d1c-6287127c5656,2026-06-30T18:55:17Z,2026-06-30T18:56:14Z,openai,gpt-5.5,high,169720,/Users/river/project/active/JBproject/08_본선/05_제출/리서치-딥프롬프트/_결과,ui-density-improvements,당신은 여러 독립 리서치 결과를 연결해 인사이트를 만드는 한국어 전략 분석가다. 현재 작업폴더에서 아래 파일들을 cat/sed로 읽어라(읽기전용): 제품 = JB LocalGuard OS(지역은행 거버넌드 AI 에이,codex_state_sqlite
019f19e2-bda3-7950-84d6-5d88312cba96,2026-06-30T18:55:17Z,2026-06-30T18:56:26Z,openai,gpt-5.5,high,414263,/Users/river/project/active/JBproject/08_본선/05_제출/리서치-딥프롬프트/_결과,ui-density-improvements,당신은 여러 독립 리서치 결과를 연결해 인사이트를 만드는 한국어 전략 분석가다. 현재 작업폴더에서 아래 파일들을 cat/sed로 읽어라(읽기전용): 제품 = JB LocalGuard OS(지역은행 거버넌드 AI 에이,codex_state_sqlite
019f19e2-bda0-7e33-882c-73bd99b43a1c,2026-06-30T18:55:17Z,2026-06-30T18:56:31Z,openai,gpt-5.5,high,353919,/Users/river/project/active/JBproject/08_본선/05_제출/리서치-딥프롬프트/_결과,ui-density-improvements,당신은 여러 독립 리서치 결과를 연결해 인사이트를 만드는 한국어 전략 분석가다. 현재 작업폴더에서 아래 파일들을 cat/sed로 읽어라(읽기전용): 제품 = JB LocalGuard OS(지역은행 거버넌드 AI 에이,codex_state_sqlite
019f19e2-bd9c-7400-8cee-b628ab0117f3,2026-06-30T18:55:17Z,2026-06-30T18:56:33Z,openai,gpt-5.5,high,118303,/Users/river/project/active/JBproject/08_본선/05_제출/리서치-딥프롬프트/_결과,ui-density-improvements,당신은 여러 독립 리서치 결과를 연결해 인사이트를 만드는 한국어 전략 분석가다. 현재 작업폴더에서 아래 파일들을 cat/sed로 읽어라(읽기전용): - D23-결과-gemini.md - D23-결과-gpt55pro.,codex_state_sqlite
019f19e2-bd94-7f12-b143-470d81e6ccfe,2026-06-30T18:55:17Z,2026-06-30T18:56:38Z,openai,gpt-5.5,high,406449,/Users/river/project/active/JBproject/08_본선/05_제출/리서치-딥프롬프트/_결과,ui-density-improvements,당신은 여러 독립 리서치 결과를 연결해 인사이트를 만드는 한국어 전략 분석가다. 현재 작업폴더에서 아래 파일들을 cat/sed로 읽어라(읽기전용): 제품 = JB LocalGuard OS(지역은행 거버넌드 AI 에이,codex_state_sqlite
019f19e2-bd97-7353-9f9c-d129678d03e5,2026-06-30T18:55:17Z,2026-06-30T18:56:38Z,openai,gpt-5.5,high,500517,/Users/river/project/active/JBproject/08_본선/05_제출/리서치-딥프롬프트/_결과,ui-density-improvements,당신은 여러 독립 리서치 결과를 연결해 인사이트를 만드는 한국어 전략 분석가다. 현재 작업폴더에서 아래 파일들을 cat/sed로 읽어라(읽기전용): 제품 = JB LocalGuard OS(지역은행 거버넌드 AI 에이,codex_state_sqlite
019f19e6-6420-7ca2-bf31-b676bc4e72ff,2026-06-30T18:59:17Z,2026-06-30T19:00:37Z,openai,gpt-5.5,high,102248,/Users/river/project/active/JBproject/08_본선/05_제출/리서치-딥프롬프트/_결과,ui-density-improvements,당신은 여러 독립 리서치 결과를 연결해 인사이트를 만드는 한국어 전략 분석가다. 현재 작업폴더에서 아래 파일들을 cat/sed로 읽어라(읽기전용): - D20-결과.md - D22-결과.md - D23-ᄀ,codex_state_sqlite
019f19e6-6426-7fc3-8c8b-1bf415cd790f,2026-06-30T18:59:17Z,2026-06-30T19:00:49Z,openai,gpt-5.5,high,175081,/Users/river/project/active/JBproject/08_본선/05_제출/리서치-딥프롬프트/_결과,ui-density-improvements,당신은 여러 독립 리서치 결과를 연결해 인사이트를 만드는 한국어 전략 분석가다. 현재 작업폴더에서 아래 파일들을 cat/sed로 읽어라(읽기전용): - D8-결과.md - D13-결과.md - D18-겨,codex_state_sqlite
019f19e6-645c-7071-aa2c-15e7eb452f2e,2026-06-30T18:59:17Z,2026-06-30T19:00:55Z,openai,gpt-5.5,high,195662,/Users/river/project/active/JBproject/08_본선/05_제출/리서치-딥프롬프트/_결과,ui-density-improvements,당신은 여러 독립 리서치 결과를 연결해 인사이트를 만드는 한국어 전략 분석가다. 현재 작업폴더에서 아래 파일들을 cat/sed로 읽어라(읽기전용): - D2-결과.md - D6-결과.md - D9-결ᄀ,codex_state_sqlite
019f19e6-6420-7900-ad97-7b7c085b3a2d,2026-06-30T18:59:17Z,2026-06-30T19:00:57Z,openai,gpt-5.5,high,217623,/Users/river/project/active/JBproject/08_본선/05_제출/리서치-딥프롬프트/_결과,ui-density-improvements,당신은 여러 독립 리서치 결과를 연결해 인사이트를 만드는 한국어 전략 분석가다. 현재 작업폴더에서 아래 파일들을 cat/sed로 읽어라(읽기전용): - D21-결과.md - D7a-결과-2.md - D7a,codex_state_sqlite
019f19e6-6433-7ca2-8c0a-67c3f0496caa,2026-06-30T18:59:17Z,2026-06-30T19:01:03Z,openai,gpt-5.5,high,229578,/Users/river/project/active/JBproject/08_본선/05_제출/리서치-딥프롬프트/_결과,ui-density-improvements,당신은 여러 독립 리서치 결과를 연결해 인사이트를 만드는 한국어 전략 분석가다. 현재 작업폴더에서 아래 파일들을 cat/sed로 읽어라(읽기전용): - D5a-결과.md - D5b-결과.md - D10-ᄀ,codex_state_sqlite
019f19e6-6420-76d2-b6c8-4e4ca3c334d5,2026-06-30T18:59:17Z,2026-06-30T19:01:32Z,openai,gpt-5.5,high,592557,/Users/river/project/active/JBproject/08_본선/05_제출/리서치-딥프롬프트/_결과,ui-density-improvements,당신은 여러 독립 리서치 결과를 연결해 인사이트를 만드는 한국어 전략 분석가다. 현재 작업폴더에서 아래 파일들을 cat/sed로 읽어라(읽기전용): - D3a-결과.md - D3b-결과.md - D3c-ᄀ,codex_state_sqlite
019f1ad2-2ec9-7b31-9567-db61a2c9ea8e,2026-06-30T23:16:49Z,2026-06-30T23:18:51Z,openai,gpt-5.5,high,91101,/Users/river/project/active/JBproject/08_본선/05_제출/리서치-딥프롬프트/_결과/_종합,ui-density-improvements,당신은 리서치 결과 간 모순을 통합하고 정본(_canon) 갱신 후보를 정리하는 한국어 검증가다. 현재 폴더의 아래 연결노트를 cat으로 읽어라(읽기전용): 제품 = JB LocalGuard OS(지역은행 거버넌드 ,codex_state_sqlite
019f1ad2-2ec9-7ed0-b4a3-9fb974ce01f3,2026-06-30T23:16:49Z,2026-06-30T23:24:44Z,openai,gpt-5.5,high,113893,/Users/river/project/active/JBproject/08_본선/05_제출/리서치-딥프롬프트/_결과/_종합,ui-density-improvements,당신은 여러 점-점 연결노트를 가로질러 상위 인사이트를 뽑는 한국어 전략 합성가다. 현재 폴더의 아래 연결노트를 cat으로 읽어라(읽기전용): 제품 = JB LocalGuard OS(지역은행 거버넌드 AI 에이전트 ,codex_state_sqlite
019f1ada-4d7b-71d2-9d0b-d52b29cae5bd,2026-06-30T23:25:42Z,2026-06-30T23:26:56Z,openai,gpt-5.5,high,55449,/Users/river/project/active/JBproject/08_본선/05_제출/리서치-딥프롬프트/_결과/_종합,ui-density-improvements,당신은 본선 심사·시연 전략가다. 현재 폴더의 아래 종합 노트를 cat으로 읽어라(읽기전용): - _인사이트맵.md - _canon-갱신후보.md 제품정의(상세): JB LocalGuard OS = 지역은행 거버넌드,codex_state_sqlite
019f1adb-c579-7620-93a4-aa22cbffe00e,2026-06-30T23:27:18Z,2026-06-30T23:29:41Z,openai,gpt-5.5,high,925233,/Users/river/project/active/JBproject,ui-density-improvements,<task> Read the following files in /Users/river/project/active/JBproject/ and produce the 4-block canvas cell content as,codex_state_sqlite
019f1adb-e865-7412-9849-0a0d7e2fe2dc,2026-06-30T23:27:27Z,2026-06-30T23:31:52Z,openai,gpt-5.5,high,1640806,/Users/river/project/active/JBproject,ui-density-improvements,<task> Read the following source files in /Users/river/project/active/JBproject/ and create ONE new file: SOURCE FILES T,codex_state_sqlite
019f1ae2-c716-7223-b501-146bc17ca4a3,2026-06-30T23:34:57Z,2026-06-30T23:38:12Z,openai,gpt-5.5,high,3492688,/Users/river/project/active/JBproject,ui-density-improvements,"<task> Read these files from /Users/river/project/active/JBproject/ in order, then produce Wave2 canvas blocks for JB Lo",codex_state_sqlite
019f1ae8-2e81-79e2-bf35-c140074e8fb9,2026-06-30T23:40:51Z,2026-06-30T23:42:28Z,openai,gpt-5.5,high,513000,/Users/river/project/active/JBproject,ui-density-improvements,"<task> Read the following files first, then synthesize Wave3 canvas blocks ③⑤⑧⑪ for JB LocalGuard OS. Files to read (all",codex_state_sqlite
019f1aee-614b-7493-a9ed-f7bcbce60b27,2026-06-30T23:47:37Z,2026-06-30T23:50:57Z,openai,gpt-5.5,high,704604,/Users/river/project/active/JBproject,ui-density-improvements,<task> JB LocalGuard OS 본선 볼트에 시스템 빌드 WBS 트리를 생성하라. 잠정(provisional) draft. 작업 디렉터리: /Users/river/project/active/JBprojec,codex_state_sqlite
019f1af3-758e-7213-a07a-9da8fcee995c,2026-06-30T23:53:10Z,2026-07-01T04:33:01Z,openai,gpt-5.5,high,256408,/Users/river/project/active/JBproject,ui-density-improvements,"Update three documents in the 08_본선/ Obsidian vault and run canon-moc-sync. No commits, no pushes, no edits outside spec",codex_state_sqlite
019f1ead-166d-7952-9ba5-16ced229a142,2026-07-01T17:14:47Z,2026-07-01T17:18:56Z,openai,gpt-5.5,high,1947002,/Users/river/project/active/JBproject,ui-density-improvements,<task> You are working ONLY inside /Users/river/Downloads/archives/paperclip-jb-fork/ (an isolated MIT fork of paperclip,codex_state_sqlite
019f1ec3-6aed-75b3-a936-de23a0adf94d,2026-07-01T17:39:11Z,2026-07-01T17:41:11Z,openai,gpt-5.5,high,222853,/Users/river/project/active/JBproject,ui-density-improvements,<task> Reskin ONLY /Users/river/Downloads/archives/paperclip-jb-fork/ui/src/index.css with JB금융그룹 brand design tokens. T,codex_state_sqlite
019f208a-c624-7b13-9e3e-06f5fccab71e,2026-07-02T01:56:33Z,2026-07-02T02:01:25Z,openai,gpt-5.5,high,476623,/Users/river/project/active/JBproject,ui-density-improvements,--cd /Users/river/Downloads/archives/paperclip-jb-fork <task> Edit ONLY `/Users/river/Downloads/archives/paperclip-jb-fo,codex_state_sqlite
019f208f-d44c-7630-bcfc-facda3bcd5b9,2026-07-02T02:02:04Z,2026-07-02T02:04:02Z,openai,gpt-5.5,high,166015,/Users/river/project/active/JBproject,ui-density-improvements,<task> Apply JB brand token reskin to the CSS file at the exact path below. The sandbox writable root must cover /Users/,codex_state_sqlite
019f2097-b50b-7093-8f8f-699bd15a6698,2026-07-02T02:10:41Z,2026-07-02T02:11:48Z,openai,gpt-5.5,high,117488,/Users/river/project/active/JBproject,ui-density-improvements,--cd /Users/river/Downloads/archives/paperclip-jb-fork <task> Edit ONLY the file ui/src/components/Sidebar.tsx in the pa,codex_state_sqlite
019f2099-56bc-77a1-ac82-375226344519,2026-07-02T02:12:27Z,2026-07-02T02:13:24Z,openai,gpt-5.5,high,84749,/Users/river/project/active/JBproject,ui-density-improvements,Edit /Users/river/Downloads/archives/paperclip-jb-fork/ui/src/components/Sidebar.tsx using Node.js fs (readFileSync + wr,codex_state_sqlite
019f20b7-983b-78d1-b619-6bbfd72ff031,2026-07-02T02:45:30Z,2026-07-02T02:48:11Z,openai,gpt-5.5,high,705989,/Users/river/project/active/JBproject,ui-density-improvements,<task> Work directory: /Users/river/Downloads/archives/paperclip-jb-fork/ Server: http://127.0.0.1:3100 (already running,codex_state_sqlite
019f20b7-ca1b-7f10-9702-2bce5dbe4b7b,2026-07-02T02:45:43Z,2026-07-02T02:49:11Z,openai,gpt-5.5,high,749096,/Users/river/project/active/JBproject,ui-density-improvements,<task> Enrich demo data in the paperclip fork at /Users/river/Downloads/archives/paperclip-jb-fork/ via its LOCAL API ht,codex_state_sqlite
019f20b7-efde-7372-aa47-47b3c533b303,2026-07-02T02:45:53Z,2026-07-02T02:50:27Z,openai,gpt-5.5,high,1703360,/Users/river/project/active/JBproject,ui-density-improvements,<task> Read-only exploration of an isolated paperclip fork at /Users/river/Downloads/archives/paperclip-jb-fork/ and pro,codex_state_sqlite
019f20b7-2cf4-7793-bb9e-53662aff01d1,2026-07-02T02:45:03Z,2026-07-02T02:51:25Z,openai,gpt-5.5,high,902183,/Users/river/project/active/JBproject,ui-density-improvements,<task> Work ONLY in /Users/river/Downloads/archives/paperclip-jb-fork/. Never touch /Users/river/project/active/JBprojec,codex_state_sqlite
019f20bc-ed60-70a2-bf6b-6ce5d673ba75,2026-07-02T02:51:20Z,2026-07-02T03:19:50Z,openai,gpt-5.5,high,260187,/Users/river/project/active/JBproject,ui-density-improvements,<task> Read key source files in /Users/river/Downloads/archives/paperclip-jb-fork/ then write the deliverable file. Step,codex_state_sqlite
019f20e6-cf9c-7782-9687-a35ef02b7f34,2026-07-02T03:37:05Z,2026-07-02T03:38:25Z,openai,gpt-5.5,high,142534,/Users/river/project/active/JBproject,ui-density-improvements,<task> 소급 데일리 노트 복원: 2026-06-29.md 를 08_본선/04_증빙/03_daily/ 에 생성. 저장소 루트: /Users/river/project/active/JBproject 단계: 1. 형식,codex_state_sqlite
019f20e7-192a-7d11-a316-a55f4545849b,2026-07-02T03:37:24Z,2026-07-02T03:38:41Z,openai,gpt-5.5,high,117675,/Users/river/project/active/JBproject,ui-density-improvements,<task> 저장소 루트: /Users/river/project/active/JBproject 파일 1개만 생성하라: 08_본선/04_증빙/03_daily/2026-06-30.md ## 절대 규칙 - 아래 명시된 원,codex_state_sqlite
019f20e7-532b-7753-8921-63c98a28f3a6,2026-07-02T03:37:38Z,2026-07-02T03:38:48Z,openai,gpt-5.5,high,136113,/Users/river/project/active/JBproject,ui-density-improvements,"<task> Read the following files from /Users/river/project/active/JBproject to gather source material, then write a singl",codex_state_sqlite
019f20e6-baba-7ba1-b7e6-481406602181,2026-07-02T03:36:59Z,2026-07-02T03:39:04Z,openai,gpt-5.5,high,386113,/Users/river/project/active/JBproject,ui-density-improvements,<task> 저장소 루트: /Users/river/project/active/JBproject 08_본선 옵시디언 볼트에서 소급 데일리 노트 2개를 작성하라: - 08_본선/04_증빙/03_daily/2026-06-,codex_state_sqlite
019f2109-95da-7391-9cdb-d4cd25479ecc,2026-07-02T04:15:04Z,2026-07-02T04:17:42Z,openai,gpt-5.5,high,155247,/Users/river/project/active/JBproject,ui-density-improvements,<task> READ two files: 1. /Users/river/Downloads/archives/paperclip-jb-fork/ui/src/index.css — the current Tailwind v4 @,codex_state_sqlite
019f2109-aaa4-7ed3-bec1-737e3111882e,2026-07-02T04:15:09Z,2026-07-02T04:18:37Z,openai,gpt-5.5,high,311100,/Users/river/project/active/JBproject,ui-density-improvements,<task> READ-ONLY research and mapping task. Do NOT write any files. Output a structured report in stdout only. Repositor,codex_state_sqlite
019f210a-283e-7761-847a-268e0f971b31,2026-07-02T04:15:41Z,2026-07-02T04:19:05Z,openai,gpt-5.5,high,416944,/Users/river/project/active/JBproject,ui-density-improvements,<task> Read /Users/river/project/active/JBproject/02_제품/app/app.js and extract EXACTLY (with file:line citations): 1. co,codex_state_sqlite
019f210a-49ec-7b51-96bd-8fa0a7f692e0,2026-07-02T04:15:50Z,2026-07-02T04:20:15Z,openai,gpt-5.5,high,152809,/Users/river/project/active/JBproject,ui-density-improvements,"<task> Build two complete, compilable React+TypeScript+Tailwind components for the JB LocalGuard OS project. These are ₩",codex_state_sqlite
019f2109-f50e-7aa2-802b-382922c7abf1,2026-07-02T04:15:28Z,2026-07-02T04:20:53Z,openai,gpt-5.5,high,732051,/Users/river/project/active/JBproject,ui-density-improvements,"<task> Build a complete, compilable React+TypeScript+Tailwind component file: JeonseShieldPage.tsx. STEP 1 — READ REFERE",codex_state_sqlite
019f219d-c843-7b53-b83b-329ea4b73673,2026-07-02T06:56:56Z,2026-07-02T06:57:13Z,openai,gpt-5.5,high,38456,/Users/river/project/active/JBproject,ui-density-improvements,<task> Work in git repo at /Users/river/Downloads/archives/paperclip-jb-fork (branch jb-console). React 19 + Vite + Tail,codex_state_sqlite
019f21bb-74cd-7991-bf8f-97f56b6c00ce,2026-07-02T07:29:21Z,2026-07-02T07:29:37Z,openai,gpt-5.5,high,38344,/Users/river/project/active/JBproject,ui-density-improvements,<task> Repo: /Users/river/project/active/paperclip-jb-fork (branch jb-console). React 19 + Vite + Tailwind v4 + shadcn +,codex_state_sqlite
019f21c3-d8ff-7ac1-8ed7-172ac68d1782,2026-07-02T07:38:31Z,2026-07-02T07:46:48Z,openai,gpt-5.5,high,1636507,/Users/river/project/active/JBproject,ui-density-improvements,<task> Generate TypeScript seed-data modules for a JB금융 지역은행 RM 케이스 운영 콘솔 (React app). STAGING: Write ALL output files t,codex_state_sqlite
019f21d3-b771-7ef1-bac5-41c80eb49b8c,2026-07-02T07:55:51Z,2026-07-02T07:57:01Z,openai,gpt-5.5,high,18687,/Users/river/project/active/JBproject,ui-density-improvements,"[정본 사실 — 2026-07-02, 이 값으로 통일] - 프롬프트 총 36종: D1a·D1b·D2·D3a·D3b·D3c·D3d·D3e·D3f·D4·D5a·D5b·D6·D7a·D7b·D8·D9·D10·D11·D12·",codex_state_sqlite
019f21d3-b771-7573-8d65-3c83eb20e48c,2026-07-02T07:55:51Z,2026-07-02T07:57:42Z,openai,gpt-5.5,high,119342,/Users/river/project/active/JBproject,ui-density-improvements,"[정본 사실 — 2026-07-02, 이 값으로 통일] - 프롬프트 총 36종: D1a·D1b·D2·D3a·D3b·D3c·D3d·D3e·D3f·D4·D5a·D5b·D6·D7a·D7b·D8·D9·D10·D11·D12·",codex_state_sqlite
019f21d3-b771-7f70-bb4f-ee01698c028c,2026-07-02T07:55:51Z,2026-07-02T07:57:43Z,openai,gpt-5.5,high,246696,/Users/river/project/active/JBproject,ui-density-improvements,"[정본 사실 — 2026-07-02, 이 값으로 통일] - 프롬프트 총 36종: D1a·D1b·D2·D3a·D3b·D3c·D3d·D3e·D3f·D4·D5a·D5b·D6·D7a·D7b·D8·D9·D10·D11·D12·",codex_state_sqlite
019f21d3-b771-7b50-b561-905412911540,2026-07-02T07:55:51Z,2026-07-02T07:57:45Z,openai,gpt-5.5,high,279110,/Users/river/project/active/JBproject,ui-density-improvements,"[정본 사실 — 2026-07-02, 이 값으로 통일] - 프롬프트 총 36종: D1a·D1b·D2·D3a·D3b·D3c·D3d·D3e·D3f·D4·D5a·D5b·D6·D7a·D7b·D8·D9·D10·D11·D12·",codex_state_sqlite
019f21d3-3b38-7930-ae7f-c1090d19102a,2026-07-02T07:55:19Z,2026-07-02T08:00:00Z,openai,gpt-5.5,high,439858,/Users/river/project/active/JBproject,ui-density-improvements,<task> Generate two React TypeScript page components for a JB금융 케이스 운영 콘솔. Write output to /tmp/codex-jb-staging/pages/ ,codex_state_sqlite
019f2270-443e-73a0-b71e-c8341a7c48a7,2026-07-02T10:46:50Z,2026-07-02T10:49:32Z,openai,gpt-5.5,high,262162,/Users/river/project/active/JBproject,ui-density-improvements,<task> Read the two element-spec files in the JBproject vault: - /Users/river/project/active/JBproject/02_제품/element-spe,codex_state_sqlite
019f2437-54ad-7960-b529-48af56037f9c,2026-07-02T19:03:53Z,2026-07-02T19:06:35Z,openai,gpt-5.5,high,427545,/Users/river/project/active/JBproject,ui-density-improvements,"<task> Working directory: /Users/river/project/active/JBproject Obsidian vault root: 08_본선/ Today: 2026-07-03 (본선 D-1, 행",codex_state_sqlite
019f2437-db04-7ad2-ba38-a8fe07d3239e,2026-07-02T19:04:28Z,2026-07-02T19:07:34Z,openai,gpt-5.5,high,485128,/Users/river/project/active/JBproject,ui-density-improvements,<task> 진단 대상: /Users/river/project/active/JBproject/08_본선/_system/ 오늘 = 2026-07-03. 영역 3: 에이전트·스킬·도구·텔레메트리 시스템 작동성 점검. 점,codex_state_sqlite
019f2437-a333-7a82-9990-8d7c7ac2f05e,2026-07-02T19:04:13Z,2026-07-02T19:08:40Z,openai,gpt-5.5,high,1274949,/Users/river/project/active/JBproject,ui-density-improvements,<task> Working directory: /Users/river/project/active/JBproject Vault root: 08_본선/ Today: 2026-07-03 Run a link/MOC/fron,codex_state_sqlite
019f2438-566a-72d2-8293-2d7a5e185ea2,2026-07-02T19:04:59Z,2026-07-02T19:09:47Z,openai,gpt-5.5,high,2175976,/Users/river/project/active/JBproject,ui-density-improvements,<task> JB금융 본선 프로젝트 운영 SSoT 정합 + 공식 규칙 전파 완결성 진단 및 안전 갱신. 작업 루트: /Users/river/project/active/JBproject 오늘: 2026-07-03. 본,codex_state_sqlite
019f2441-0cee-7410-9c68-4568e1f02ca5,2026-07-02T19:14:30Z,2026-07-02T19:14:35Z,openai,gpt-5.5,high,17951,/Users/river/project/active/JBproject,ui-density-improvements,Reply with exactly this token and nothing else: CODEX_OK,codex_state_sqlite
019f2444-d48e-7333-b214-bd6838cebce6,2026-07-02T19:18:38Z,2026-07-02T19:21:39Z,openai,gpt-5.5,high,40806,/Users/river/project/active/JBproject,ui-density-improvements,당신은 한국어 회의 STT를 재구성한다. 규칙: (1) 같은 화자의 연속 발화를 그 사람 단위로 자연스러운 줄글로 합친다. (2) 리액션/추임새(응·네·맞아요·어 등)는 (긍정) 또는 (부정)으로만 축약. (3) 모,codex_state_sqlite
019f2447-b0b9-76d1-983d-4b336da634bf,2026-07-02T19:21:45Z,2026-07-02T19:24:28Z,openai,gpt-5.5,high,173294,/Users/river/project/active/JBproject,ui-density-improvements,<task> You are researching the deployment/hosting/DB/public-access toolchain for a hackathon-finals MVP called JB LocalG,codex_state_sqlite
019f2449-f1cf-7f10-92c6-484f35f1c59a,2026-07-02T19:24:13Z,2026-07-02T19:27:14Z,openai,gpt-5.5,high,40824,/Users/river/project/active/JBproject,ui-density-improvements,당신은 한국어 회의 STT를 재구성한다. 규칙: (1) 같은 화자의 연속 발화를 그 사람 단위로 자연스러운 줄글로 합친다. (2) 리액션/추임새(응·네·맞아요·어 등)는 (긍정) 또는 (부정)으로만 축약. (3) 모,codex_state_sqlite
019f244a-e4dc-74e3-9029-d09b6d990646,2026-07-02T19:25:15Z,2026-07-02T19:27:48Z,openai,gpt-5.5,high,158202,/Users/river/project/active/JBproject,ui-density-improvements,You are researching the deployment/hosting/DB/public-access toolchain for a hackathon-finals MVP called JB LocalGuard OS,codex_state_sqlite
019f244c-c755-7d71-8d9e-e2e9f43a06ac,2026-07-02T19:27:19Z,2026-07-02T19:27:49Z,openai,gpt-5.5,high,32385,/Users/river/project/active/JBproject,ui-density-improvements,"이 한국어 회의 STT에서 다음을 구조적으로 추출한다(원문 근거만, 창작 금지). 마크다운 섹션: '## 결정된 것' / '## 잠정·가안' / '## 미결·논쟁' / '## 액션아이템(담당)'. 각 항목 한 줄 불",codex_state_sqlite
019f2449-f093-7a60-8da1-46c41d654a03,2026-07-02T19:24:13Z,2026-07-02T19:28:05Z,openai,gpt-5.5,high,51870,/Users/river/project/active/JBproject,ui-density-improvements,당신은 한국어 회의 STT를 재구성한다. 규칙: (1) 같은 화자의 연속 발화를 그 사람 단위로 자연스러운 줄글로 합친다. (2) 리액션/추임새(응·네·맞아요·어 등)는 (긍정) 또는 (부정)으로만 축약. (3) 모,codex_state_sqlite
019f2449-f2bb-7c60-8e92-53ea3f99e24f,2026-07-02T19:24:13Z,2026-07-02T19:28:15Z,openai,gpt-5.5,high,50927,/Users/river/project/active/JBproject,ui-density-improvements,당신은 한국어 회의 STT를 재구성한다. 규칙: (1) 같은 화자의 연속 발화를 그 사람 단위로 자연스러운 줄글로 합친다. (2) 리액션/추임새(응·네·맞아요·어 등)는 (긍정) 또는 (부정)으로만 축약. (3) 모,codex_state_sqlite
019f244d-89bf-7220-ab1d-64acc6218236,2026-07-02T19:28:09Z,2026-07-02T19:28:31Z,openai,gpt-5.5,high,40257,/Users/river/project/active/JBproject,ui-density-improvements,"이 한국어 회의 STT에서 다음을 구조적으로 추출한다(원문 근거만, 창작 금지). 마크다운 섹션: '## 결정된 것' / '## 잠정·가안' / '## 미결·논쟁' / '## 액션아이템(담당)'. 각 항목 한 줄 불",codex_state_sqlite
019f244d-af68-7311-9d23-08c7feb99ef6,2026-07-02T19:28:18Z,2026-07-02T19:28:49Z,openai,gpt-5.5,high,39260,/Users/river/project/active/JBproject,ui-density-improvements,"이 한국어 회의 STT에서 다음을 구조적으로 추출한다(원문 근거만, 창작 금지). 마크다운 섹션: '## 결정된 것' / '## 잠정·가안' / '## 미결·논쟁' / '## 액션아이템(담당)'. 각 항목 한 줄 불",codex_state_sqlite
019f2450-4046-7a93-92b0-4ab37f45ce76,2026-07-02T19:31:06Z,2026-07-02T19:31:07Z,openai,unknown,unknown,0,/Users/river/project/active/JBproject,ui-density-improvements,,codex_state_sqlite
019f2450-4ebb-7601-aac0-5d35b737f3ae,2026-07-02T19:31:10Z,2026-07-02T19:32:05Z,openai,gpt-5.5,high,63665,/Users/river/project/active/JBproject,ui-density-improvements,"너는 JB 금융 AX 콘솔 기획 리서처다. 질문: [Q5] 은행 DB 연결 방식. 배경: 7/1 방향만 제시(API/MCP) → 7/2 ""현장 케이스 메모리 관리 방식 알 수 없다"" 명시적 미결 → 7/3 ""정적/서",codex_state_sqlite
019f2450-4c2b-7420-b69e-6e3d6866bcac,2026-07-02T19:31:09Z,2026-07-02T19:32:06Z,openai,gpt-5.5,high,71446,/Users/river/project/active/JBproject,ui-density-improvements,"너는 JB 금융 AX 콘솔 기획 리서처다. 질문: [Q4] 5천만원 페인포인트·ROI. 배경: 회의록엔 ""업무 에이전트 자동화가 실제 은행 업무에 적합한지 확신 부족""(7/2, 김주용)이라는 자기 의심만 있고 정량 ",codex_state_sqlite
019f2450-4c4a-7891-870f-f09385a6f069,2026-07-02T19:31:10Z,2026-07-02T19:32:11Z,openai,gpt-5.5,high,32506,/Users/river/project/active/JBproject,ui-density-improvements,"너는 JB 금융 AX 콘솔 기획 리서처다. 질문: [Q1] 도메인 개수·조합. 배경: 현 가안 여신·전세사기·보이스피싱(3~4). 7/2엔 4개(여신+사후관리+피싱+전세), 7/3엔 RM·전세·피싱 3개안→여신·전세",codex_state_sqlite
019f2450-4342-7213-9f1c-d9b244d852c5,2026-07-02T19:31:07Z,2026-07-02T19:32:13Z,openai,gpt-5.5,high,50551,/Users/river/project/active/JBproject,ui-density-improvements,"너는 JB 금융 AX 콘솔 기획 리서처다. 질문: [Q3] 에이전트 수·규모·구성. 배경: 7/1엔 ""기존 14개 에이전트 재검토 필요""(미결), 7/3엔 조직도 14개 vs 추천 4~5개 사이에서 판단 못해 ""AI",codex_state_sqlite
019f2450-4fbc-7941-97ef-f89f88f9de78,2026-07-02T19:31:10Z,2026-07-02T19:32:21Z,openai,gpt-5.5,high,103812,/Users/river/project/active/JBproject,ui-density-improvements,"너는 JB 금융 AX 콘솔 기획 리서처다. 질문: [Q2] RM 직책 포괄 범위. 배경: 콘솔이 RM(관계형 매니저) 직책을 완전히 포괄하나? 7/3에 이승보가 RM 포함 3도메인 제안, 김민주가 즉시 ""RM이 포괄",codex_state_sqlite
019f2451-a632-7441-bb67-b1e3c5fcbcbb,2026-07-02T19:32:38Z,2026-07-02T19:33:36Z,openai,gpt-5.5,high,63447,/Users/river/project/active/JBproject,ui-density-improvements,"너는 JB 금융 AX 콘솔 기획 리서처다. 질문: [Q8] 배포 + 도메인 URL. 배경: 7/1 ""배포 여부 미정"" → 7/3 ""데모 URL 필요"" 재확인만 있고 배포 방식 후보 비교는 없음. || SSOT 커널:",codex_state_sqlite
019f2451-a446-7720-b661-1ab1f70cc8ca,2026-07-02T19:32:38Z,2026-07-02T19:33:38Z,openai,gpt-5.5,high,115383,/Users/river/project/active/JBproject,ui-density-improvements,"너는 JB 금융 AX 콘솔 기획 리서처다. 질문: [Q7] 로컬모델+API+OAuth 구동. 배경: 7/3 Claude/Codex + Ollama 하이브리드 유력, Gemma로 먼저 시도 예정. EXAONE/Qwen",codex_state_sqlite
019f2451-e4d4-70c2-899d-0e260605dfb0,2026-07-02T19:32:54Z,2026-07-02T19:33:38Z,openai,gpt-5.5,high,25152,/Users/river/project/active/JBproject,ui-density-improvements,너는 JB 금융 AX 콘솔 기획 리서처다. 질문: [Q10] 리더보드/순위 산정 기준. 배경: 7/2 이승보·김민주: 리더보드가 제출순서/점수반영/무작위인지 정확히 모르겠다고 명시. 대회 안내문 재확인 필요. || ,codex_state_sqlite
019f2451-b21d-7070-812f-c182b7cc1c3b,2026-07-02T19:32:41Z,2026-07-02T19:33:41Z,openai,gpt-5.5,high,45931,/Users/river/project/active/JBproject,ui-density-improvements,"너는 JB 금융 AX 콘솔 기획 리서처다. 질문: [Q9] 스토리·공감(체스판). 배경: 7/2 전주 카페·김민주 사례 등 팀원 스토리 활용 방향만 나왔고, 구체 배치 전술은 미결. || SSOT 커널: 운영계약 C",codex_state_sqlite
019f2451-e893-7002-8599-0aa33aea9748,2026-07-02T19:32:55Z,2026-07-02T19:33:46Z,openai,gpt-5.5,high,25530,/Users/river/project/active/JBproject,ui-density-improvements,"너는 JB 금융 AX 콘솔 기획 리서처다. 질문: [Q11] 시스템 이름·브랜딩. 배경: 7/3 김주용: LocalGuard 유지 여부·슬로건 미정. 김민주가 후보 가져오기로 함(액션아이템), 최종 결정은 미결. |",codex_state_sqlite
019f2453-0b2c-7dc0-bb4c-a31923489007,2026-07-02T19:34:09Z,2026-07-02T19:35:06Z,openai,gpt-5.5,high,25814,/Users/river/project/active/JBproject,ui-density-improvements,"너는 JB 금융 AX 콘솔 기획 리서처다. 질문: [Q12] 위험 업무 승인 UX 구체 스펙. 배경: 7/2 김주용: 스페이스 두 번/키보드 스크롤 후 승인 등 승인 마찰 장치 아이디어만 있고, L1~L4 승인레벨별",codex_state_sqlite
019f255e-367d-75f1-99f3-9c6113a0766f,2026-07-03T00:25:59Z,2026-07-03T00:27:41Z,openai,gpt-5.5,high,99803,/Users/river/project/active/JBproject,ui-density-improvements,"너는 JB 금융 ROI 분석가다. 붙인 리서치(D16 RM baseline·D30 시장·D31 seat·Dplus)로 깐깐한 금융 심사위원이 납득할 ROI 근거팩을 만든다. 구성: ## 업무 baseline(D16,",codex_state_sqlite
019f2606-0085-7b20-8a89-89de88ab2465,2026-07-03T03:29:15Z,2026-07-03T03:30:47Z,openai,gpt-5.5,high,478571,/Users/river/project/active/JBproject,ui-density-improvements,너는 JB 금융 AX 콘솔 설계자다. SSOT 커널: 운영계약 Case→AgentRun→Agent→Skill→Evidence→Approval→Audit. 승인 L0~L4(승인자=RM·준법 2역할). PII 4중방어(,codex_state_sqlite
019f2606-0356-78e2-aa81-2c23f1628d27,2026-07-03T03:29:16Z,2026-07-03T03:30:51Z,openai,gpt-5.5,high,63560,/Users/river/project/active/JBproject,ui-density-improvements,너는 JB 금융 AX 콘솔 설계자다. SSOT 커널: 운영계약 Case→AgentRun→Agent→Skill→Evidence→Approval→Audit. 승인 L0~L4(승인자=RM·준법 2역할). PII 4중방어(,codex_state_sqlite
019f2606-0964-7610-a82b-5daed6b1e416,2026-07-03T03:29:17Z,2026-07-03T03:31:28Z,openai,gpt-5.5,high,401865,/Users/river/project/active/JBproject,ui-density-improvements,너는 JB 금융 AX 콘솔 설계자다. SSOT 커널: 운영계약 Case→AgentRun→Agent→Skill→Evidence→Approval→Audit. 승인 L0~L4(승인자=RM·준법 2역할). PII 4중방어(,codex_state_sqlite
019f2606-044e-7dc3-805b-2662f910c5de,2026-07-03T03:29:16Z,2026-07-03T03:32:04Z,openai,gpt-5.5,high,685755,/Users/river/project/active/JBproject,ui-density-improvements,너는 JB 금융 AX 콘솔 설계자다. SSOT 커널: 운영계약 Case→AgentRun→Agent→Skill→Evidence→Approval→Audit. 승인 L0~L4(승인자=RM·준법 2역할). PII 4중방어(,codex_state_sqlite
019f262d-6d2e-74b3-b5b6-c2a0821f3c78,2026-07-03T04:12:19Z,2026-07-03T04:13:33Z,openai,gpt-5.5,high,0,/Users/river/project/active/JBproject,ui-density-improvements,"당신은 JB금융그룹 Fin:AI Challenge 본선 제출물을 준비하는 프로덕트/인프라 분석가입니다. 아래 입력 파일(리서치 D16/D22/D23 결과 + decision-log.md 발췌)을 근거로 ""로컬모델 선",codex_state_sqlite
019f262d-517a-7960-a28f-6b4bff43a8eb,2026-07-03T04:12:12Z,2026-07-03T04:14:10Z,openai,gpt-5.5,high,93721,/Users/river/project/active/JBproject,ui-density-improvements,"역할: paperclip(MIT 오픈소스, JB LocalGuard OS의 아키텍처 롤모델)의 AI 에이전트 조직 모델을 분석하고, 그것을 본보기 삼아 JB 금융그룹 Fin:AI Challenge 본선 프로젝트의 에",codex_state_sqlite
019f262f-4f94-7981-8b5f-ada22dc0ad21,2026-07-03T04:14:22Z,2026-07-03T04:16:34Z,openai,gpt-5.5,high,127156,/Users/river/project/active/JBproject,ui-density-improvements,"당신은 JB금융그룹 Fin:AI Challenge 본선 제출물을 준비하는 프로덕트/인프라 분석가입니다. 아래 입력 파일(리서치 D16/D22/D23 결과 + decision-log.md 발췌)을 근거로 ""로컬모델 선",codex_state_sqlite
019f265b-aa0b-7e92-afd2-5814a49c293a,2026-07-03T05:02:49Z,2026-07-03T05:03:49Z,openai,gpt-5.5,high,38103,/Users/river/project/active/JBproject,ui-density-improvements,"너는 JB LocalGuard OS 본선(GoLAB Fin:AI Challenge) 팀을 위한 실행용 시간 단위(hourly) Gantt 차트를 작성한다. 아래 ""입력 파일 내용""에 PLAN.md·PROGRESS.m",codex_state_sqlite
019f2677-ca24-7472-ba69-50944feabbdf,2026-07-03T05:33:32Z,2026-07-03T05:34:23Z,openai,gpt-5.5,high,173776,/Users/river/project/active/JBproject,ui-density-improvements,"JBproject에서 Codex CLI 로그/통계를 별도 백필 파일로 남기려 합니다. 읽기 전용으로 `08_본선/_system/tools/registry-cli.md`, `registry-plugins.md`, `a",codex_state_sqlite
019f2677-b5c5-7c52-a292-4b4c9adb62c2,2026-07-03T05:33:27Z,2026-07-03T05:40:31Z,openai,unknown,unknown,0,/Users/river/project/active/JBproject,ui-density-improvements,,codex_state_sqlite
019f268c-72b3-7c91-9c24-76113c6b6b5a,2026-07-03T05:56:06Z,2026-07-03T05:57:07Z,openai,gpt-5.5,high,135210,/Users/river/project/active/JBproject,ui-density-improvements,작업 디렉토리: /Users/river/project/active/JBproject (Obsidian 볼트 + 정적 웹앱 저장소). git 커밋/git add 금지 — 파일만 작성. ## 목표 `08_본선/_syst,codex_state_sqlite
019f268e-84cc-7ca0-9937-6fb0fdd6df22,2026-07-03T05:58:22Z,2026-07-03T05:59:00Z,openai,gpt-5.5,high,69937,/Users/river/project/active/JBproject,ui-density-improvements,작업 디렉토리: /Users/river/project/active/JBproject (Obsidian 볼트 + 정적 웹앱 저장소). git 커밋/git add 금지 — 파일만 작성. ## 목표 `08_본선/_syst,codex_state_sqlite
019f2690-6d81-7be3-a34d-e0b959473d95,2026-07-03T06:00:27Z,2026-07-03T06:01:35Z,openai,gpt-5.5,high,30444,/Users/river/project/active/JBproject,ui-density-improvements,작업 디렉토리: /Users/river/project/active/JBproject (Obsidian 볼트 + 정적 웹앱 저장소). git 커밋/git add 금지 — 파일만 작성. ## 목표 `08_본선/_syst,codex_state_sqlite
019f2692-525b-7bb0-9192-ef74343c0b97,2026-07-03T06:02:31Z,2026-07-03T06:09:47Z,openai,gpt-5.5,high,870576,/Users/river/project/active/JBproject,ui-density-improvements,작업 디렉토리: /Users/river/project/active/JBproject (Obsidian 볼트 + 정적 웹앱 저장소). git 커밋/git add 금지 — 파일만 작성. ## 목표 `08_본선/_syst,codex_state_sqlite
019f26d1-bbc0-7d73-8090-4187dbde135a,2026-07-03T07:11:47Z,2026-07-03T07:12:08Z,openai,gpt-5.5,high,24939,/Users/river/project/active/JBproject/08_본선/03_제품/00_결정-준비,ui-density-improvements,"아래 ""검증된 사실""만으로 한국어 Obsidian 마크다운 문서 본문을 작성하라. 프론트매터·H1 제목은 넣지 말 것(호출자가 붙임). 사실을 추가·추측·창작하지 말 것. 표 + ""정본 규칙"" + ""⚠️ 다른 AI/",codex_state_sqlite
019f190b-44f9-7be0-92ab-3304c95aedc7,2026-06-30T14:59:56Z,2026-07-03T10:28:58Z,openai,gpt-5.5,high,50884065,/Users/river/project/active/JBproject,ui-density-improvements,어제 무슨 일을 했지? 우리가,codex_state_sqlite
019f2786-ebcc-7063-83a6-88027607dcd7,2026-07-03T10:29:41Z,2026-07-03T10:32:11Z,openai,gpt-5.5,high,199436,/Users/river/project/active/JBproject,ui-density-improvements,전라도 실감 페르소나 확장 문서 작성. 작업 루트: /Users/river/project/active/JBproject/ STEP 1 - 먼저 읽을 파일: - /Users/river/project/active/JBp,codex_state_sqlite
019f27ec-71b5-79c3-82f4-fde7c2c48c1f,2026-07-03T12:20:34Z,2026-07-03T12:24:47Z,openai,gpt-5.5,xhigh,163779,/Users/river/project/active/JBproject,ui-density-improvements,"당신은 JB 본선 스프린트의 '시간 타임라인 문서'를 작성한다(그림/간트가 아니라, 그 그림의 근거가 될 문서). 기간 7월 1일 00:00 → 7월 5일 10:30(제출마감)까지 전체 그림. 산출물 = 한국어 마크",codex_state_sqlite
019f28c9-b737-7e33-9f9c-1e7634505a20,2026-07-03T16:22:16Z,2026-07-03T16:22:16Z,openai,unknown,unknown,0,/Users/river/project/active/JBproject/08_본선/05_제출/리서치-딥프롬프트/_결과,ui-density-improvements,,codex_state_sqlite
019f28c9-b736-7261-990d-af94e04b5966,2026-07-03T16:22:16Z,2026-07-03T16:23:13Z,openai,gpt-5.5,xhigh,155261,/Users/river/project/active/JBproject/08_본선/05_제출/리서치-딥프롬프트/_결과,ui-density-improvements,"당신은 긴 금융 AI 리서치 보고서를 팀에게 브리핑하는 한국어 전문가입니다. 지금 작업 폴더의 `D20-결과.md` 를 cat/sed로 읽으세요(읽기 전용). 이걸 두 용도로 쓸 ""요약본""으로 압축합니다: (1) 다",codex_state_sqlite
019f28c9-b73c-7442-90a6-c578e6d7f1de,2026-07-03T16:22:16Z,2026-07-03T16:23:13Z,openai,gpt-5.5,xhigh,116203,/Users/river/project/active/JBproject/08_본선/05_제출/리서치-딥프롬프트/_결과,ui-density-improvements,"당신은 긴 금융 AI 리서치 보고서를 팀에게 브리핑하는 한국어 전문가입니다. 지금 작업 폴더의 `D22-결과.md` 를 cat/sed로 읽으세요(읽기 전용). 이걸 두 용도로 쓸 ""요약본""으로 압축합니다: (1) 다",codex_state_sqlite
019f28d3-a7f4-7b32-b36a-19409be414f9,2026-07-03T16:33:07Z,2026-07-03T16:33:15Z,openai,gpt-5.4,xhigh,22278,/Users/river/project/active/JBproject/08_본선/05_제출/리서치-딥프롬프트/_결과,ui-density-improvements,reply with: MODEL_OK,codex_state_sqlite
019f28d4-41b5-7ff1-bbfb-d8a525fa3f60,2026-07-03T16:33:46Z,2026-07-03T16:35:27Z,openai,gpt-5.4,xhigh,135187,/Users/river/project/active/JBproject/08_본선/05_제출/리서치-딥프롬프트/_결과,ui-density-improvements,"당신은 긴 금융 AI 리서치 보고서를 팀에게 브리핑하는 한국어 전문가입니다. 지금 작업 폴더의 `D21-결과.md` 를 cat/sed로 읽으세요(읽기 전용). 이걸 두 용도로 쓸 ""요약본""으로 압축합니다: (1) 다",codex_state_sqlite
019f28d9-1df7-7393-a348-3253447a89cb,2026-07-03T16:39:05Z,2026-07-03T16:43:30Z,openai,gpt-5.4,xhigh,1948654,/Users/river/project/active/JBproject/08_본선/05_제출/리서치-딥프롬프트/_결과,ui-density-improvements,"당신은 긴 금융 AI 리서치 보고서들을 팀에 브리핑하는 한국어 전문가입니다. 지금 작업 폴더에서 아래 ""처리할 코드"" 각각에 대해 요약본 파일을 만드세요. 한 코드씩 끝까지 처리합니다. [각 코드 C 처리 절차] 1",codex_state_sqlite
019f28d9-1e85-7b11-92fd-40b4e24dd855,2026-07-03T16:39:05Z,2026-07-03T16:44:38Z,openai,gpt-5.4,xhigh,1863366,/Users/river/project/active/JBproject/08_본선/05_제출/리서치-딥프롬프트/_결과,ui-density-improvements,"당신은 긴 금융 AI 리서치 보고서들을 팀에 브리핑하는 한국어 전문가입니다. 지금 작업 폴더에서 아래 ""처리할 코드"" 각각에 대해 요약본 파일을 만드세요. 한 코드씩 끝까지 처리합니다. [각 코드 C 처리 절차] 1",codex_state_sqlite
019f28d9-1e1b-74a1-b88b-bcfb20503f80,2026-07-03T16:39:05Z,2026-07-03T16:44:44Z,openai,gpt-5.4,xhigh,2720771,/Users/river/project/active/JBproject/08_본선/05_제출/리서치-딥프롬프트/_결과,ui-density-improvements,"당신은 긴 금융 AI 리서치 보고서들을 팀에 브리핑하는 한국어 전문가입니다. 지금 작업 폴더에서 아래 ""처리할 코드"" 각각에 대해 요약본 파일을 만드세요. 한 코드씩 끝까지 처리합니다. [각 코드 C 처리 절차] 1",codex_state_sqlite
019f28d9-1e07-7831-bc16-12fd6b24ab4f,2026-07-03T16:39:05Z,2026-07-03T16:45:57Z,openai,gpt-5.4,xhigh,3878512,/Users/river/project/active/JBproject/08_본선/05_제출/리서치-딥프롬프트/_결과,ui-density-improvements,"당신은 긴 금융 AI 리서치 보고서들을 팀에 브리핑하는 한국어 전문가입니다. 지금 작업 폴더에서 아래 ""처리할 코드"" 각각에 대해 요약본 파일을 만드세요. 한 코드씩 끝까지 처리합니다. [각 코드 C 처리 절차] 1",codex_state_sqlite
019f2622-788e-7930-87ba-3f4f31e692e4,2026-07-03T04:00:21Z,2026-07-03T18:19:49Z,openai,gpt-5.5,high,12266116,/Users/river/project/active/JBproject,ui-density-improvements,"너는 JB 본선 프로젝트(/Users/river/project/active/JBproject, 볼트 08_본선/)의 로그·통계·로우데이터 관리 전담 에이전트다. 시작 시 반드시 `node 08_본선/_system/s",codex_state_sqlite
